{
  "spearman_rho": 0.08166471516134047,
  "p_value": 2.634494264661265e-89,
  "n_pairs": 60000
}